{
  "VendorAudit.Workflows.Execution.PlanAudit": {
    "wfName": "VendorAudit.Workflows.Execution",
    "id": "VendorAudit.Workflows.Execution.PlanAudit",
    "x": 89.77415333333622,
    "y": 67.3648107658681,
    "fx": 89.77415333333622,
    "fy": 67.3648107658681
  },
  "VendorAudit.Workflows.Execution.VendorInvite": {
    "wfName": "VendorAudit.Workflows.Execution",
    "id": "VendorAudit.Workflows.Execution.VendorInvite",
    "x": 1341.5764211366632,
    "y": 746.9283419850187,
    "fx": 1341.5764211366632,
    "fy": 746.9283419850187
  },
  "VendorAudit.Workflows.Execution.Executing": {
    "wfName": "VendorAudit.Workflows.Execution",
    "id": "VendorAudit.Workflows.Execution.Executing",
    "x": 1649.3603613788237,
    "y": 966.1384887695312,
    "fx": 1649.3603613788237,
    "fy": 966.1384887695312
  },
  "VendorAudit.Workflows.Execution.Archive": {
    "wfName": "VendorAudit.Workflows.Execution",
    "id": "VendorAudit.Workflows.Execution.Archive",
    "x": 1593.5641953405716,
    "y": 2034.0752675822296,
    "fx": 1593.5641953405716,
    "fy": 2034.0752675822296
  },
  "VendorAudit.Workflows.Execution.Planning": {
    "wfName": "VendorAudit.Workflows.Execution",
    "id": "VendorAudit.Workflows.Execution.Planning",
    "x": 434.51131953606784,
    "y": 259.8516208906144,
    "fx": 434.51131953606784,
    "fy": 259.8516208906144
  },
  "VendorAudit.Workflows.Execution.OnHold": {
    "wfName": "VendorAudit.Workflows.Execution",
    "id": "VendorAudit.Workflows.Execution.OnHold",
    "x": 108.08059138372869,
    "y": 506.6172444644076,
    "fx": 108.08059138372869,
    "fy": 506.6172444644076
  },
  "VendorAudit.Workflows.Execution.AuditorInvite": {
    "wfName": "VendorAudit.Workflows.Execution",
    "id": "VendorAudit.Workflows.Execution.AuditorInvite",
    "x": 954.8106786697749,
    "y": 579.1463267805739,
    "fx": 954.8106786697749,
    "fy": 579.1463267805739
  },
  "VendorAudit.Workflows.Execution.CheckNC": {
    "wfName": "VendorAudit.Workflows.Execution",
    "id": "VendorAudit.Workflows.Execution.CheckNC",
    "x": 2392.9909159652943,
    "y": 1461.7500171871145,
    "fx": 2392.9909159652943,
    "fy": 1461.7500171871145
  },
  "VendorAudit.Workflows.Execution.Approving": {
    "wfName": "VendorAudit.Workflows.Execution",
    "id": "VendorAudit.Workflows.Execution.Approving",
    "x": 2013.9117702602048,
    "y": 1238.1015190464427,
    "fx": 2013.9117702602048,
    "fy": 1238.1015190464427
  },
  "VendorAudit.Workflows.Execution.PrepCommittee": {
    "wfName": "VendorAudit.Workflows.Execution",
    "id": "VendorAudit.Workflows.Execution.PrepCommittee",
    "x": 1350.8189544961679,
    "y": 1647.5429281309364,
    "fx": 1350.8189544961679,
    "fy": 1647.5429281309364
  },
  "VendorAudit.Workflows.Execution.Finalizing": {
    "wfName": "VendorAudit.Workflows.Execution",
    "id": "VendorAudit.Workflows.Execution.Finalizing",
    "x": 1957.9847905400052,
    "y": 1662.137717374406,
    "fx": 1957.9847905400052,
    "fy": 1662.137717374406
  },
  "VendorAudit.Workflows.Execution.AuditCreate": {
    "wfName": "VendorAudit.Workflows.Execution",
    "id": "VendorAudit.Workflows.Execution.AuditCreate",
    "x": 90.21132437502854,
    "y": 85.6511411980735,
    "fx": 90.21132437502854,
    "fy": 85.6511411980735
  },
  "VendorAudit.Workflows.Execution.StgVendorInvite": {
    "wfName": "VendorAudit.Workflows.Execution",
    "id": "VendorAudit.Workflows.Execution.StgVendorInvite",
    "x": 1340,
    "y": 668,
    "fx": 1340,
    "fy": 668
  },
  "VendorAudit.Workflows.Execution.StgAuditorInvite": {
    "wfName": "VendorAudit.Workflows.Execution",
    "id": "VendorAudit.Workflows.Execution.StgAuditorInvite",
    "x": 555,
    "y": 262,
    "fx": 554,
    "fy": 262
  },
  "VendorAudit.Workflows.Execution.StgExecuting": {
    "wfName": "VendorAudit.Workflows.Execution",
    "id": "VendorAudit.Workflows.Execution.StgExecuting",
    "x": 765.8230456827437,
    "y": 980.8283642042375,
    "fx": 765.8230456827437,
    "fy": 980.8283642042375
  },
  "VendorAudit.Workflows.Execution.StgPlanning": {
    "wfName": "VendorAudit.Workflows.Execution",
    "id": "VendorAudit.Workflows.Execution.StgPlanning",
    "x": 140,
    "y": 450.28014274891643,
    "fx": 133.66666909088815,
    "fy": 450.28014274891643
  },
  "VendorAudit.Workflows.Execution.StgOnHold": {
    "wfName": "VendorAudit.Workflows.Execution",
    "id": "VendorAudit.Workflows.Execution.StgOnHold",
    "x": 446.8206374324957,
    "y": 729.6600136691528,
    "fx": 446.8206374324957,
    "fy": 729.6600136691528
  },
  "VendorAudit.Workflows.Execution.StgApproving": {
    "wfName": "VendorAudit.Workflows.Execution",
    "id": "VendorAudit.Workflows.Execution.StgApproving",
    "x": 1147.3254329450733,
    "y": 834.017186209841,
    "fx": 1147.3254329450733,
    "fy": 834.017186209841
  },
  "VendorAudit.Workflows.Execution.StgCheckNC": {
    "wfName": "VendorAudit.Workflows.Execution",
    "id": "VendorAudit.Workflows.Execution.StgCheckNC",
    "x": 1372.1584195490996,
    "y": 1160.6605337882336,
    "fx": 1372.1584195490996,
    "fy": 1160.6605337882336
  },
  "VendorAudit.Workflows.Execution.StgPrepCommittee": {
    "wfName": "VendorAudit.Workflows.Execution",
    "id": "VendorAudit.Workflows.Execution.StgPrepCommittee",
    "x": 1019.3139292531732,
    "y": 1326.599602919905,
    "fx": 1019.3139292531732,
    "fy": 1326.599602919905
  },
  "VendorAudit.Workflows.Execution.StgFinalizing": {
    "wfName": "VendorAudit.Workflows.Execution",
    "id": "VendorAudit.Workflows.Execution.StgFinalizing",
    "x": 1714.0279735446084,
    "y": 1347.6829562746123,
    "fx": 1714.0279735446084,
    "fy": 1347.6829562746123
  },
  "VendorAudit.Workflows.Execution.StgArchive": {
    "wfName": "VendorAudit.Workflows.Execution",
    "id": "VendorAudit.Workflows.Execution.StgArchive",
    "x": 1341.1802800663022,
    "y": 1481.662250362368,
    "fx": 1341.1802800663022,
    "fy": 1481.662250362368
  }
}